{"cameraMode":{"drawMode":0,"name":"Shaded","section":"Shading Mode"},"sceneLighting":false,"audioPlay":false,"sceneViewState":{"showFog":true,"showMaterialUpdate":false,"showSkybox":false,"showFlares":true,"showImageEffects":true,"showParticleSystems":true},"in2DMode":false,"pivot":{"x":-2.010000228881836,"y":1.5800000429153443,"z":8.15999984741211},"rotation":{"x":-0.06029946357011795,"y":0.5963811278343201,"z":-0.04499778151512146,"w":-0.7991709113121033},"size":16.794784545898439,"orthographic":false}