{"cameraMode":{"drawMode":0,"name":"Shaded","section":"Shading Mode"},"sceneLighting":false,"audioPlay":false,"sceneViewState":{"showFog":true,"showMaterialUpdate":false,"showSkybox":false,"showFlares":true,"showImageEffects":true,"showParticleSystems":true},"in2DMode":false,"pivot":{"x":0.0032529905438423158,"y":0.0,"z":-0.9546731114387512},"rotation":{"x":-0.5540395975112915,"y":0.048153288662433627,"z":-0.03211364895105362,"w":-0.8305066823959351},"size":0.675506591796875,"orthographic":false}