{"cameraMode":{"drawMode":0,"name":"Shaded","section":"Shading Mode"},"sceneLighting":false,"audioPlay":false,"sceneViewState":{"showFog":true,"showMaterialUpdate":false,"showSkybox":false,"showFlares":true,"showImageEffects":true,"showParticleSystems":true},"in2DMode":false,"pivot":{"x":1.9900000095367432,"y":1.0,"z":1.5700000524520875},"rotation":{"x":-0.04352941736578941,"y":0.7863603830337524,"z":-0.05577461048960686,"w":-0.6137067675590515},"size":4.5829339027404789,"orthographic":false}